{
	"IcoMoonType": "selection",
	"icons": [
		{
			"icon": {
				"paths": [
					"M512 32l-512 512 96 96 96-96v416h256v-192h128v192h256v-416l96 96 96-96-512-512zM512 448c-35.346 0-64-28.654-64-64s28.654-64 64-64c35.346 0 64 28.654 64 64s-28.654 64-64 64z"
				],
				"tags": [
					"home",
					"house"
				],
				"defaultCode": 59649,
				"grid": 16,
				"attrs": []
			},
			"attrs": [],
			"properties": {
				"ligatures": "home2, house2",
				"name": "home2",
				"order": 2,
				"id": 2,
				"prevSize": 32,
				"code": 59649
			},
			"setIdx": 0,
			"setId": 1,
			"iconIdx": 1
		},
		{
			"icon": {
				"paths": [
					"M512 0c-176.732 0-320 143.268-320 320 0 320 320 704 320 704s320-384 320-704c0-176.732-143.27-320-320-320zM512 516c-108.248 0-196-87.752-196-196s87.752-196 196-196 196 87.752 196 196-87.752 196-196 196zM388 320c0-68.483 55.517-124 124-124s124 55.517 124 124c0 68.483-55.517 124-124 124s-124-55.517-124-124z"
				],
				"tags": [
					"location",
					"map-marker",
					"pin"
				],
				"defaultCode": 59720,
				"grid": 16,
				"attrs": []
			},
			"attrs": [],
			"properties": {
				"ligatures": "location2, map-marker2",
				"name": "location2",
				"order": 3,
				"id": 73,
				"prevSize": 32,
				"code": 59720
			},
			"setIdx": 0,
			"setId": 1,
			"iconIdx": 72
		},
		{
			"icon": {
				"paths": [
					"M672 192l-320-128-352 128v768l352-128 320 128 352-128v-768l-352 128zM384 145.73l256 102.4v630.138l-256-102.398v-630.14zM64 236.828l256-93.090v631.8l-256 93.088v-631.798zM960 787.172l-256 93.092v-631.8l256-93.090v631.798z"
				],
				"tags": [
					"map",
					"guide"
				],
				"defaultCode": 59724,
				"grid": 16,
				"attrs": []
			},
			"attrs": [],
			"properties": {
				"ligatures": "map2, guide2",
				"name": "map2",
				"order": 6,
				"id": 77,
				"prevSize": 32,
				"code": 59724
			},
			"setIdx": 0,
			"setId": 1,
			"iconIdx": 76
		},
		{
			"icon": {
				"paths": [
					"M576 706.612v-52.78c70.498-39.728 128-138.772 128-237.832 0-159.058 0-288-192-288s-192 128.942-192 288c0 99.060 57.502 198.104 128 237.832v52.78c-217.102 17.748-384 124.42-384 253.388h896c0-128.968-166.898-235.64-384-253.388z"
				],
				"tags": [
					"user",
					"profile",
					"avatar",
					"person",
					"member"
				],
				"defaultCode": 59761,
				"grid": 16,
				"attrs": []
			},
			"attrs": [],
			"properties": {
				"ligatures": "user, profile2",
				"name": "user",
				"order": 5,
				"id": 114,
				"prevSize": 32,
				"code": 59761
			},
			"setIdx": 0,
			"setId": 1,
			"iconIdx": 113
		},
		{
			"icon": {
				"width": 1024,
				"paths": [
					"M384 736c0-151.234 95.874-280.486 230.032-330.2 16.28-36.538 25.968-77.164 25.968-117.8 0-159.058 0-288-192-288s-192 128.942-192 288c0 99.060 57.502 198.104 128 237.832v52.78c-217.102 17.748-384 124.42-384 253.388h397.306c-8.664-30.53-13.306-62.732-13.306-96z",
					"M736 448c-159.058 0-288 128.942-288 288s128.942 288 288 288c159.056 0 288-128.942 288-288s-128.942-288-288-288zM896 768h-128v128h-64v-128h-128v-64h128v-128h64v128h128v64z"
				],
				"tags": [
					"user-plus",
					"user",
					"user-add",
					"profile",
					"avatar",
					"person",
					"member"
				],
				"defaultCode": 59763,
				"grid": 16,
				"attrs": []
			},
			"attrs": [],
			"properties": {
				"ligatures": "user-plus, user2",
				"name": "user-plus",
				"order": 4,
				"id": 116,
				"prevSize": 32,
				"code": 59763
			},
			"setIdx": 0,
			"setId": 1,
			"iconIdx": 115
		}
	],
	"height": 1024,
	"metadata": {
		"name": "icomoon"
	},
	"preferences": {
		"showGlyphs": true,
		"showQuickUse": true,
		"showQuickUse2": true,
		"showSVGs": true,
		"fontPref": {
			"prefix": "icon-",
			"metadata": {
				"fontFamily": "icomoon"
			},
			"metrics": {
				"emSize": 1024,
				"baseline": 6.25,
				"whitespace": 50
			},
			"embed": false
		},
		"imagePref": {
			"prefix": "icon-",
			"png": true,
			"useClassSelector": true,
			"color": 0,
			"bgColor": 16777215,
			"classSelector": ".icon"
		},
		"historySize": 100,
		"showCodes": true,
		"gridSize": 16
	}
}